"Aziz","894u29439"
"Marco","Lukaku"
"Simone","84496859"
"Francesco","4304830"
"Alberto","6957695"
"Messi","794759"
"Marcantonio","Aziz12!!"
"Mar","14Aiz!28"
"Mattia","Azziz15??"
"Mirlos","Aziz15??"
"Azizi"," Aziz15??"
"Mammai"," Azizoio16?"
"Azizi1515!"," Aziz15??"
"Marcoks"," Azizi17??"
"messio","ROnaldo15??"
"Messinho","Aziz15??"
"Cristiano","Cristiano15??"
"MKFMKDJKD","eenho17??"
"mESSINFODJO","ZIZ15??"
"fjdljlfjd","Aziz15??"
"Marcok","Marcolino15??"
"Malek","Marmos15??"
"Marol","Polo15??"
"Dajee","Aziz15??"
"Mimmo","Paolino15??"
"Ludovico","Linux2024!!!"
"Inter","Aziz15??"
"Antonello","Fratangeli15??"
